{
  "camera": {
    "lower_left_corner": {
      "x": -3.2451115836473323,
      "y": 0.6061531498826481,
      "z": -0.5833155410988577
    },
    "horizontal": {
      "x": 2.82842712474619,
      "y": -0.0,
      "z": 2.82842712474619
    },
    "vertical": {
      "x": 0.816496580927726,
      "y": 1.632993161855452,
      "z": -0.816496580927726
    },
    "origin": {
      "x": -2.0,
      "y": 2.0,
      "z": 1.0
    }
  },
  "scene": "scene_one",
  "ambient_color": {
    "x": 0.5,
    "y": 0.7,
    "z": 1.0
  },
  "width": 800,
  "height": 600,
  "samples": 5,
  "ttl": 64,
  "bvh_enabled": true,
  "chunk_size": 20
}